y,flood_var,flood_coefficient,flood_p_value,population_var,population_coefficient,population_p_value,r2,adjr2,nobs,aic,bic
2_outflow_max,4_flood_p95,-3.1378427018530823,0.8252621781448752,3_worldpop,0.0030694368464561383,5.5088593577117144e-05,0.09457075347134825,0.08723934256828214,250,3820.6209462112456,3831.1853289648325
