Model,Adj. R²,AIC,BIC,Log-Likelihood
OLS,0.07975275921888425,3533.4145114269086,3543.7287493536783,-1763.7072557134543
SLM,0.6589255245602289,3387.197891164024,3400.9502083997168,-1689.598945582012
SEM,0.0876216256130631,3382.184591251023,3392.4988291777927,-1688.0922956255115
