model,statistic,value
OLS,Moran's I,0.4339906971547828
OLS,Expected I,-0.004016064257028112
OLS,z-score,12.618015195074811
OLS,p-value,0.001
SLM,Moran's I,0.106443087799054
SLM,Expected I,-0.004016064257028112
SLM,z-score,3.1820861727938152
SLM,p-value,0.002
SEM,Moran's I,0.5813633175962757
SEM,Expected I,-0.004016064257028112
SEM,z-score,16.86349752067849
SEM,p-value,0.001
