variable,VIF
4_flood_p95,1.0053671266308457
3_worldpop,1.0053671266308455
