variable,VIF
4_flood_p95,1.0019615896949632
3_worldpop,1.0019615896949634
