,4_flood_p95,3_worldpop
4_flood_p95,1.0,0.07306486407928678
3_worldpop,0.07306486407928678,1.0
