variable,VIF,Tolerance
4_flood_p95,1.0053671266308457,0.9946615256370757
3_worldpop,1.0053671266308457,0.9946615256370757
