model,statistic,value
OLS,Moran's I,0.10805311117223651
OLS,Expected I,-0.004016064257028112
OLS,z-score,3.228467418877234
OLS,p-value,0.001
SLM,Moran's I,0.09315876254610372
SLM,Expected I,-0.004016064257028112
SLM,z-score,2.7993938660409388
SLM,p-value,0.002
SEM,Moran's I,0.2391181040766744
SEM,Expected I,-0.004016064257028112
SEM,z-score,7.004162722483968
SEM,p-value,0.001
