variable,VIF
4_flood_mean,1.0046285796996988
4_waste_count,1.6318223515968757
3_fb_baseline_median,1.6376119374087503
