,4_flood_p95,3_worldpop
4_flood_p95,1.0,0.04424646193682882
3_worldpop,0.04424646193682882,1.0
