variable,VIF,Tolerance
4_flood_p95,1.0019615896949639,0.9980422506060725
3_worldpop,1.0019615896949634,0.998042250606073
