statistic,value
Moran's I,0.4522273679952838
z-score,13.143373728425557
p-value,0.001
