statistic,value
Moran's I,0.45228733218055905
Expected I,-0.004016064257028112
z-score,13.145101165231612
p-value,0.001
