variable,coefficient,std_err,p_value
const,4230.678278147838,840.9017271893426,4.876204464601368e-07
4_flood_p95,292.60711714368244,758.9176514516547,0.6998237066313273
