y,flood_var,flood_coefficient,flood_p_value,r2,adjr2,nobs,aic,bic
3_estimated_outflow_pop_from_2_outflow_max,4_flood_p95,292.60711714368244,0.6998237066313273,0.001006354430865275,-0.003021845752881447,250,5323.068842951365,5330.11176478709
