statistic,value
Moran's I,0.012469058640246115
Expected I,-0.004016064257028112
z-score,0.4749002744615459
p-value,0.268
