model,statistic,value
OLS,Moran's I,0.4522273679952838
OLS,z-score,13.143373728425557
OLS,p-value,0.001
SLM,Moran's I,0.012469058640246115
SLM,Expected I,-0.004016064257028112
SLM,z-score,0.4749002744615459
SLM,p-value,0.296
SEM,Moran's I,0.45228733218055905
SEM,Expected I,-0.004016064257028112
SEM,z-score,13.145101165231612
SEM,p-value,0.001
