model,variable,coefficient,std_err,z_stat,p_value
OLS,const,196.59232600213588,32.47087768249311,,1.4092462907678357e-09
OLS,4_flood_p95,3.372216139177771,16.787592310080946,,0.8407959188700356
SLM,const,20.303473865876242,27.61364791924744,0.7352695277802895,0.46217536252030467
SLM,4_flood_p95,0.8327325462172515,18.681779681056295,0.46217536252030467,0.6439555697317594
SLM,rho,0.8867672359308845,0.030205801686749124,0.04457458338734501,0.9644464020360495
SEM,const,184.1797761901285,182.2355086077897,1.0106689832140414,0.31217488699588225
SEM,4_flood_p95,1.9454685140404193,22.605812372199434,0.31217488699588236,0.7549076163666342
SEM,lambda,0.8868063516106522,0.030198715696735354,0.08606054416486934,0.9314182884085291
