model,variable,coefficient,std_err,z_stat,p_value
OLS,const,4230.678278147838,840.9017271893426,,4.876204464601368e-07
OLS,4_flood_p95,292.60711714368244,758.9176514516547,,0.6998237066313273
SLM,const,788.1977473686429,655.4837353742942,1.2024672845903133,0.22918253401985922
SLM,4_flood_p95,184.99680704553936,432.4622679861293,0.2291825340198591,0.818727047166518
SLM,rho,0.7692569100238218,0.04889450857902789,0.42777560203581255,0.6688145015300178
SEM,const,3918.4335228436216,2120.1081475998953,1.8482234159986373,0.06457002931459122
SEM,4_flood_p95,255.56613575620614,518.8998492324555,0.06457002931459117,0.9485163480371301
SEM,lambda,0.7698532872389291,0.04882575772343657,0.49251534016483833,0.6223550802154385
