y,flood_var,flood_coefficient,flood_p_value,r2,adjr2,nobs,aic,bic
2_outflow_max,4_flood_p95,3.372216139177771,0.8407959188700356,4.9750502294609866e-05,-0.003982306955357506,250,3843.4450438195263,3850.4879656552507
