model,statistic,value
OLS,Moran's I,0.542972695045461
OLS,z-score,15.7575477925666
OLS,p-value,0.001
SLM,Moran's I,0.10933985684575165
SLM,Expected I,-0.004016064257028112
SLM,z-score,3.2655357426818195
SLM,p-value,0.001
SEM,Moran's I,0.5430093389443074
SEM,Expected I,-0.004016064257028112
SEM,z-score,15.758603423011573
SEM,p-value,0.001
