model,statistic,value
OLS,Moran's I,0.5378026522074617
OLS,z-score,14.844678400712123
OLS,p-value,0.001
SLM,Moran's I,0.11431387791254727
SLM,Expected I,-0.004366812227074236
SLM,z-score,3.24949447187093
SLM,p-value,0.002
SEM,Moran's I,0.5385225265672348
SEM,Expected I,-0.004366812227074236
SEM,z-score,14.864388664865224
SEM,p-value,0.001
