y,flood_var,flood_coefficient,flood_p_value,r2,adjr2,nobs,aic,bic
2_outflow_max,4_flood_p95,13.700118269100232,0.5137079171172143,0.0006599343149992221,-0.0037231361485314807,230,3552.3962013897863,3559.272360007633
