statistic,value
Moran's I,0.22639579766071163
Expected I,-0.004608294930875576
z-score,5.983379311706792
p-value,0.001
