statistic,value
Moran's I,0.02539067327491276
Expected I,-0.004016064257028112
z-score,0.8471436829413318
p-value,0.204
