Model,Adj. R²,AIC,BIC,Log-Likelihood
OLS,0.11403091921916941,3814.158834990274,3828.244678661723,-1903.079417495137
SLM,0.6707469467287621,3651.997096770717,3669.604401360028,-1820.9985483853584
SEM,0.02087295650277054,3650.7147754135867,3664.8006190850356,-1821.3573877067934
