model,statistic,value
OLS,Moran's I,0.44216873215624986
OLS,Expected I,-0.004366812227074236
OLS,z-score,12.22620782926394
OLS,p-value,0.001
SLM,Moran's I,0.10569061081695032
SLM,Expected I,-0.004366812227074236
SLM,z-score,3.0133881708067616
SLM,p-value,0.003
SEM,Moran's I,0.5639986438598436
SEM,Expected I,-0.004366812227074236
SEM,z-score,15.56192844332182
SEM,p-value,0.001
