statistic,value
Moran's I,0.10883647732095972
Expected I,-0.004016064257028112
z-score,3.2510344813947993
p-value,0.004
