statistic,value
Moran's I,0.10790121760829625
Expected I,-0.004608294930875576
z-score,2.914178195480217
p-value,0.004
