model,statistic,value
OLS,Moran's I,0.4404713090966822
OLS,Expected I,-0.004016064257028112
OLS,z-score,12.804707427159759
OLS,p-value,0.001
SLM,Moran's I,0.10033142495872337
SLM,Expected I,-0.004016064257028112
SLM,z-score,3.006022556017906
SLM,p-value,0.001
SEM,Moran's I,0.5724469566343607
SEM,Expected I,-0.004016064257028112
SEM,z-score,16.60663669565475
SEM,p-value,0.001
