statistic,value
Moran's I,0.11459159154585512
Expected I,-0.004016064257028112
z-score,3.4168267136997392
p-value,0.005
