statistic,value
Moran's I,0.09871871182721495
Expected I,-0.004608294930875576
z-score,2.676336456384765
p-value,0.005
