variable,VIF
4_flood_p95,1.0034600049135782
4_waste_count,1.63610435537412
3_fb_baseline_median,1.6328768970947183
