variable,VIF
4_flood_p95,1.0021639222697505
4_waste_count,3.099204845385544
3_worldpop,3.099141217536221
