variable,VIF
4_flood_p95,1.005761183559358
4_waste_count,3.047695688761165
3_worldpop,3.04852238186396
