variable,VIF
4_flood_p95,1.0058347480203897
4_waste_per_quadkey_area,1.5959741964217946
3_fb_baseline_safe,1.5887570121687447
