y,flood_var,flood_coefficient,flood_p_value,waste_var,waste_coefficient,waste_p_value,population_var,population_coefficient,population_p_value,r2,adjr2,nobs,aic,bic
2_outflow_max,4_flood_p95,-4.318384883081823,0.747621593374254,4_waste_count,4.596635645389852,0.027888653889149174,3_worldpop,0.0005620649280731129,0.6741090039981558,0.12470524549363726,0.11403091921916941,250,3814.158834990274,3828.244678661723
