y,flood_var,flood_coefficient,flood_p_value,waste_var,waste_coefficient,waste_p_value,population_var,population_coefficient,population_p_value,r2,adjr2,nobs,aic,bic
2_outflow_max,4_flood_p95,0.3379712703553566,0.9844899824695236,4_waste_count,4.548929826746723,0.02943220818565143,3_worldpop,0.0004901564437417961,0.7139000422638384,0.1176549392696794,0.10594239421573715,230,3527.758459330087,3541.51077656578
