variable,VIF
4_flood_max,1.0032845138585953
3_fb_baseline_median,1.0032845138585953
