variable,VIF
4_flood_p95,1.274779104445635
4_waste_count,2.3861030947287833
4_flood_p95_x_4_waste_count,2.737589917388366
