y,flood_var,flood_coefficient,flood_p_value,population_var,population_coefficient,population_p_value,r2,adjr2,nobs,aic,bic
3_estimated_outflow_pop_from_2_outflow_max,4_flood_p95,-31.224601178614876,0.9403858206506053,3_worldpop,0.15268387468401745,4.983489833968804e-06,0.6293710692469578,0.6263700252732489,250,5077.182082351577,5087.746465105164
