variable,VIF
4_flood_max,1.0034361108193761
4_waste_count,1.0034361108193766
