statistic,value
Moran's I,0.17194756651366536
Expected I,-0.004016064257028112
z-score,5.06912669495899
p-value,0.001
