Model,Adj. R²,AIC,BIC,Log-Likelihood
OLS,0.11658484887363796,3812.4513345346486,3823.0157172882355,-1903.2256672673243
SLM,0.6559373898726921,3654.1472190181967,3668.2330626896455,-1823.0736095090983
SEM,0.1164333372437938,3655.829885068845,3666.394267822432,-1824.9149425344226
