model,statistic,value
OLS,Moran's I,0.4462520107588752
OLS,Expected I,-0.004366812227074236
OLS,z-score,12.338008588348929
OLS,p-value,0.001
SLM,Moran's I,0.10420481414289748
SLM,Expected I,-0.004366812227074236
SLM,z-score,2.9727068428419603
SLM,p-value,0.002
SEM,Moran's I,0.5321215878215044
SEM,Expected I,-0.004366812227074236
SEM,z-score,14.689130035642851
SEM,p-value,0.001
