statistic,value
Moran's I,0.14352675159290765
Expected I,-0.004016064257028112
z-score,4.250385282450604
p-value,0.002
