model,statistic,value
OLS,Moran's I,0.4451598259819267
OLS,Expected I,-0.004016064257028112
OLS,z-score,12.939773326849737
OLS,p-value,0.001
SLM,Moran's I,0.09915990171616604
SLM,Expected I,-0.004016064257028112
SLM,z-score,2.9722735380157084
SLM,p-value,0.001
SEM,Moran's I,0.5386752424233238
SEM,Expected I,-0.004016064257028112
SEM,z-score,15.633747597538882
SEM,p-value,0.001
