model,statistic,value
OLS,Moran's I,0.14352675159290765
OLS,Expected I,-0.004016064257028112
OLS,z-score,4.250385282450604
OLS,p-value,0.001
SLM,Moran's I,0.023314614910644668
SLM,Expected I,-0.004016064257028112
SLM,z-score,0.7873369897712054
SLM,p-value,0.194
SEM,Moran's I,0.17194756651366536
SEM,Expected I,-0.004016064257028112
SEM,z-score,5.06912669495899
SEM,p-value,0.001
