statistic,value
Moran's I,0.023314614910644668
Expected I,-0.004016064257028112
z-score,0.7873369897712054
p-value,0.205
