variable,VIF
4_flood_p95,1.001982160768232
4_waste_count,1.0019821607682324
