variable,VIF
4_flood_p95,1.005094492887263
4_waste_count,1.005094492887263
