y,flood_var,flood_coefficient,flood_p_value,waste_var,waste_coefficient,waste_p_value,r2,adjr2,nobs,aic,bic
3_estimated_outflow_pop_from_2_outflow_max,4_flood_p95,-8.303284614431675,0.9873055864226478,4_waste_count,212.84531313649458,6.55464907953872e-12,0.5379351764919662,0.5341937609170023,250,5132.308036457842,5142.872419211429
