y,flood_var,flood_coefficient,flood_p_value,waste_var,waste_coefficient,waste_p_value,r2,adjr2,nobs,aic,bic
2_outflow_max,4_flood_p95,0.7240106392407791,0.9661520819315389,4_waste_count,5.1530575809768,1.6644593966344485e-07,0.11686899655301886,0.1090881066548075,230,3525.9632390384513,3536.277476965221
