y,flood_var,flood_coefficient,flood_p_value,waste_var,waste_coefficient,waste_p_value,r2,adjr2,nobs,aic,bic
2_outflow_max,4_flood_p95,-4.1120539142839645,0.7557027013580496,4_waste_count,5.293907401737749,7.629411465331157e-08,0.12368055289874935,0.11658484887363796,250,3812.4513345346486,3823.0157172882355
