,4_flood_p95,4_waste_count,3_worldpop
4_flood_p95,1.0,0.07119459657193361,0.07306486407928678
4_waste_count,0.07119459657193361,1.0,0.8196063963926636
3_worldpop,0.07306486407928678,0.8196063963926636,1.0
