variable,VIF,Tolerance
4_flood_p95,1.0021639222697503,0.9978407501790233
4_waste_count,3.099204845385544,0.3226634088059446
3_worldpop,3.099141217536221,0.32267003334394284
