variable,VIF,Tolerance
4_flood_p95,1.005761183559358,0.994271817551191
4_waste_count,3.047695688761164,0.3281167485611015
3_worldpop,3.04852238186396,0.32802777042055675
