,4_flood_p95,4_waste_count,4_flood_p95_x_4_waste_count
4_flood_p95,1.0,0.07119459657193361,0.3644320037819473
4_waste_count,0.07119459657193361,1.0,0.7326000458416588
4_flood_p95_x_4_waste_count,0.3644320037819473,0.7326000458416588,1.0
