variable,VIF,Tolerance
4_flood_p95,1.2747791044456347,0.7844496324991707
4_waste_count,2.3861030947287833,0.41909337539066605
4_flood_p95_x_4_waste_count,2.737589917388367,0.3652848053129849
