,4_flood_p95,4_waste_count
4_flood_p95,1.0,0.04447740526770949
4_waste_count,0.04447740526770949,1.0
