,4_flood_p95,4_waste_count
4_flood_p95,1.0,0.07119459657193361
4_waste_count,0.07119459657193361,1.0
