variable,VIF,Tolerance
4_flood_p95,1.005094492887263,0.99493132941896
4_waste_count,1.005094492887263,0.99493132941896
