variable,VIF,Tolerance
4_flood_p95,1.0019821607682327,0.9980217604206517
4_waste_count,1.0019821607682327,0.9980217604206517
